<?xml version = '1.0' encoding = 'UTF-8'?>
<relationalModel class="oracle.dbtools.crest.model.design.relational.RelationalDesign" name="Relational_1" id="80B6D29F-3362-8111-286B-1004B57E3D57" mainViewID="3E3F058D-EE0A-5B30-A124-FF04A13301FD">
<createdBy>joteiza</createdBy>
<createdTime>2024-08-23 23:10:55 UTC</createdTime>
<ownerDesignName>Innovatech Solutions</ownerDesignName>
<shouldBeOpen>false</shouldBeOpen>
<selectedRDBMSSite>32076570-2523-435C-2E92-BF29817DFF70</selectedRDBMSSite>
</relationalModel>