<?xml version = '1.0' encoding = 'UTF-8'?>
<Diagram class="oracle.dbtools.crest.swingui.logical.DPVLogical" name="Logical" id="D3263F94-421C-740C-EA8C-0DA1FA159DDC">
<createdBy>joteiza</createdBy>
<modifiedBy>joteiza</modifiedBy>
<createdTime>2024-08-24 00:43:45 UTC</createdTime>
<autoRoute>false</autoRoute>
<boxInbox>true</boxInbox>
<showLegend>false</showLegend>
<showLabels>true</showLabels>
<showRelAttributes>false</showRelAttributes>
<gridEnabled>false</gridEnabled>
<showGrid>false</showGrid>
<diagramColor>-1</diagramColor>
<display>false</display>
<notation>1</notation>
<objectViews>
<OView class="oracle.dbtools.crest.swingui.logical.TVEntity" oid="1DDF4605-BAAB-6BA3-6F95-FC4209F5C10F" otype="Entity" vid="C7138AD3-8EA1-AC8D-86E4-E6E95FC28F78">
<hideElementsInCurrentOnly>false</hideElementsInCurrentOnly>
<bounds x="107" y="145" width="170" height="110"/>
</OView>
<OView class="oracle.dbtools.crest.swingui.logical.TVEntity" oid="373013A1-CCB4-2FB0-8F31-A71DBD2D6832" otype="Entity" vid="322486BF-770A-D099-9FAB-739B7B5522A4">
<hideElementsInCurrentOnly>false</hideElementsInCurrentOnly>
<bounds x="902" y="144" width="170" height="110"/>
</OView>
<OView class="oracle.dbtools.crest.swingui.logical.TVEntity" oid="7451BE7B-5A1B-5443-5265-42C59622F048" otype="Entity" vid="75F9F66F-9CC9-471D-6D2B-52202EEB03C2">
<hideElementsInCurrentOnly>false</hideElementsInCurrentOnly>
<bounds x="513" y="110" width="170" height="110"/>
</OView>
<OView class="oracle.dbtools.crest.swingui.logical.TVEntity" oid="889B7964-B653-66D5-7D0C-C12389C9B4C2" otype="Entity" vid="C4194CDE-CF80-4A31-4C7B-67797BD18C78">
<hideElementsInCurrentOnly>false</hideElementsInCurrentOnly>
<bounds x="249" y="361" width="170" height="110"/>
</OView>
</objectViews>
<connectors>
<Connector class="oracle.dbtools.crest.swingui.logical.TVRelation" oid="02CC0600-6EF7-BE9C-09A2-B3F48D219E47" otype="Relation" vid_source="75F9F66F-9CC9-471D-6D2B-52202EEB03C2" vid_target="322486BF-770A-D099-9FAB-739B7B5522A4">
<hideElementsInCurrentOnly>false</hideElementsInCurrentOnly>
<backgroundColor>-16777216</backgroundColor>
<lineWidth>1</lineWidth>
<sourceLabel class="oracle.dbtools.crest.model.design.Label">
<site>0</site>
<labelBounds x="693" y="152" width="39" height="30"/>
<noBackgroundColor>true</noBackgroundColor>
<noForegroundColor>true</noForegroundColor>
</sourceLabel>
<targetLabel class="oracle.dbtools.crest.model.design.Label">
<site>2</site>
<labelBounds x="833" y="185" width="63" height="30"/>
<noBackgroundColor>true</noBackgroundColor>
<noForegroundColor>true</noForegroundColor>
</targetLabel>
<points>
<point x="683" y="182"/>
<point x="902" y="182"/>
</points>
</Connector>
<Connector class="oracle.dbtools.crest.swingui.logical.TVRelation" oid="30E31EB8-C34F-078F-D202-0C650DFD3CCB" otype="Relation" vid_source="C7138AD3-8EA1-AC8D-86E4-E6E95FC28F78" vid_target="C4194CDE-CF80-4A31-4C7B-67797BD18C78">
<hideElementsInCurrentOnly>false</hideElementsInCurrentOnly>
<backgroundColor>-16777216</backgroundColor>
<lineWidth>1</lineWidth>
<points>
<point x="263" y="255"/>
<point x="263" y="361"/>
</points>
</Connector>
<Connector class="oracle.dbtools.crest.swingui.logical.TVRelation" oid="658E72AE-F349-B3D5-503A-8718AC9F9FDA" otype="Relation" vid_source="C7138AD3-8EA1-AC8D-86E4-E6E95FC28F78" vid_target="75F9F66F-9CC9-471D-6D2B-52202EEB03C2">
<hideElementsInCurrentOnly>false</hideElementsInCurrentOnly>
<backgroundColor>-16777216</backgroundColor>
<lineWidth>1</lineWidth>
<sourceLabel class="oracle.dbtools.crest.model.design.Label">
<site>0</site>
<labelBounds x="287" y="152" width="63" height="30"/>
<noBackgroundColor>true</noBackgroundColor>
<noForegroundColor>true</noForegroundColor>
</sourceLabel>
<targetLabel class="oracle.dbtools.crest.model.design.Label">
<site>2</site>
<labelBounds x="468" y="185" width="39" height="30"/>
<noBackgroundColor>true</noBackgroundColor>
<noForegroundColor>true</noForegroundColor>
</targetLabel>
<points>
<point x="277" y="182"/>
<point x="513" y="182"/>
</points>
</Connector>
<Connector class="oracle.dbtools.crest.swingui.logical.TVRelation" oid="FC758094-108D-1467-C910-A3C24CC77EF5" otype="Relation" vid_source="75F9F66F-9CC9-471D-6D2B-52202EEB03C2" vid_target="C4194CDE-CF80-4A31-4C7B-67797BD18C78">
<hideElementsInCurrentOnly>false</hideElementsInCurrentOnly>
<backgroundColor>-16777216</backgroundColor>
<lineWidth>1</lineWidth>
<points>
<point x="540" y="220"/>
<point x="391" y="361"/>
</points>
</Connector>
</connectors>
</Diagram>