<?xml version = '1.0' encoding = 'UTF-8'?>
<Relation class="oracle.dbtools.crest.model.design.logical.Relation" name="Relation_5" directorySegmentName="seg_0" id="02CC0600-6EF7-BE9C-09A2-B3F48D219E47">
<createdBy>joteiza</createdBy>
<createdTime>2024-08-24 01:15:10 UTC</createdTime>
<ownerDesignName>Innovatech Solutions</ownerDesignName>
<engineerTo>
<item key="80B6D29F-3362-8111-286B-1004B57E3D57" value="true"/>
</engineerTo>
<sourcePk>78B85C1C-5AF6-8980-5368-3A0AB60A2534</sourcePk>
<identifying>false</identifying>
<nameOnSource>tiene</nameOnSource>
<nameOnTarget>pertenece</nameOnTarget>
<optionalSource>false</optionalSource>
<optionalTarget>false</optionalTarget>
<sourceCardinality>1</sourceCardinality>
<sourceEntity>7451BE7B-5A1B-5443-5265-42C59622F048</sourceEntity>
<targetCardinalityString>*</targetCardinalityString>
<targetEntity>373013A1-CCB4-2FB0-8F31-A71DBD2D6832</targetEntity>
<transferable>true</transferable>
<deleteRule>NO ACTION</deleteRule>
</Relation>