<?xml version = '1.0' encoding = 'UTF-8'?>
<Relation class="oracle.dbtools.crest.model.design.logical.Relation" name="Relation_3" directorySegmentName="seg_0" id="30E31EB8-C34F-078F-D202-0C650DFD3CCB">
<createdBy>joteiza</createdBy>
<createdTime>2024-08-24 01:13:48 UTC</createdTime>
<ownerDesignName>Innovatech Solutions</ownerDesignName>
<engineerTo>
<item key="80B6D29F-3362-8111-286B-1004B57E3D57" value="true"/>
</engineerTo>
<sourcePk>E1D9704B-32AA-2C1B-928A-11CEB136FCE4</sourcePk>
<identifying>false</identifying>
<optionalSource>false</optionalSource>
<optionalTarget>false</optionalTarget>
<sourceCardinality>1</sourceCardinality>
<sourceEntity>1DDF4605-BAAB-6BA3-6F95-FC4209F5C10F</sourceEntity>
<targetCardinalityString>*</targetCardinalityString>
<targetEntity>889B7964-B653-66D5-7D0C-C12389C9B4C2</targetEntity>
<transferable>true</transferable>
<deleteRule>NO ACTION</deleteRule>
</Relation>