<?xml version = '1.0' encoding = 'UTF-8'?>
<Relation class="oracle.dbtools.crest.model.design.logical.Relation" name="Relation_2" directorySegmentName="seg_0" id="658E72AE-F349-B3D5-503A-8718AC9F9FDA">
<createdBy>joteiza</createdBy>
<createdTime>2024-08-24 01:11:40 UTC</createdTime>
<ownerDesignName>Innovatech Solutions</ownerDesignName>
<engineerTo>
<item key="80B6D29F-3362-8111-286B-1004B57E3D57" value="true"/>
</engineerTo>
<sourcePk>E1D9704B-32AA-2C1B-928A-11CEB136FCE4</sourcePk>
<targetPk>78B85C1C-5AF6-8980-5368-3A0AB60A2534</targetPk>
<identifying>false</identifying>
<nameOnSource>pertenece</nameOnSource>
<nameOnTarget>tiene</nameOnTarget>
<optionalSource>false</optionalSource>
<optionalTarget>false</optionalTarget>
<sourceCardinality>1</sourceCardinality>
<sourceEntity>1DDF4605-BAAB-6BA3-6F95-FC4209F5C10F</sourceEntity>
<targetCardinalityString>1</targetCardinalityString>
<targetEntity>7451BE7B-5A1B-5443-5265-42C59622F048</targetEntity>
<transferable>true</transferable>
<deleteRule>NO ACTION</deleteRule>
</Relation>