<?xml version = '1.0' encoding = 'UTF-8'?>
<Relation class="oracle.dbtools.crest.model.design.logical.Relation" name="Relation_4" directorySegmentName="seg_0" id="FC758094-108D-1467-C910-A3C24CC77EF5">
<createdBy>joteiza</createdBy>
<createdTime>2024-08-24 01:14:47 UTC</createdTime>
<ownerDesignName>Innovatech Solutions</ownerDesignName>
<engineerTo>
<item key="80B6D29F-3362-8111-286B-1004B57E3D57" value="true"/>
</engineerTo>
<sourcePk>78B85C1C-5AF6-8980-5368-3A0AB60A2534</sourcePk>
<identifying>false</identifying>
<optionalSource>false</optionalSource>
<optionalTarget>false</optionalTarget>
<sourceCardinality>1</sourceCardinality>
<sourceEntity>7451BE7B-5A1B-5443-5265-42C59622F048</sourceEntity>
<targetCardinalityString>*</targetCardinalityString>
<targetEntity>889B7964-B653-66D5-7D0C-C12389C9B4C2</targetEntity>
<transferable>true</transferable>
<deleteRule>NO ACTION</deleteRule>
</Relation>