<?xml version = '1.0' encoding = 'UTF-8'?>
<Entity class="oracle.dbtools.crest.model.design.logical.Entity" directorySegmentName="seg_0" id="1DDF4605-BAAB-6BA3-6F95-FC4209F5C10F" name="PROYECTO">
<createdBy>joteiza</createdBy>
<createdTime>2024-08-24 00:45:26 UTC</createdTime>
<ownerDesignName>Innovatech Solutions</ownerDesignName>
<engineerTo>
<item key="80B6D29F-3362-8111-286B-1004B57E3D57" value="true"/>
</engineerTo>
<adequatelyNormalized>NO</adequatelyNormalized>
<expectedVolumes>0</expectedVolumes>
<fwdEngineeringStrategyName>Single Table</fwdEngineeringStrategyName>
<growthPercent>0</growthPercent>
<growthType>Year</growthType>
<maxVolumes>9999999</maxVolumes>
<minVolumes>0</minVolumes>
<normalForm>Third</normalForm>
<attributes itemClass="oracle.dbtools.crest.model.design.logical.Attribute">
<Attribute name="id_proyecto" id="BCC2ABB2-81CC-E376-746E-633BDDEDF74F">
<createdBy>joteiza</createdBy>
<createdTime>2024-08-24 00:46:55 UTC</createdTime>
<ownerDesignName>Innovatech Solutions</ownerDesignName>
<engineerTo>
<item key="80B6D29F-3362-8111-286B-1004B57E3D57" value="true"/>
</engineerTo>
<useDomainConstraints>false</useDomainConstraints>
<use>1</use>
<logicalDatatype>LOGDT019</logicalDatatype>
<dataTypePrecision>5</dataTypePrecision>
<ownDataTypeParameters>,5,</ownDataTypeParameters>
</Attribute>
<Attribute name="nombre_proyecto" id="C7F97E06-845E-E5A8-7A2A-77ADB60CC216">
<createdBy>joteiza</createdBy>
<createdTime>2024-08-24 00:49:23 UTC</createdTime>
<ownerDesignName>Innovatech Solutions</ownerDesignName>
<engineerTo>
<item key="80B6D29F-3362-8111-286B-1004B57E3D57" value="true"/>
</engineerTo>
<useDomainConstraints>false</useDomainConstraints>
<use>1</use>
<logicalDatatype>LOGDT024</logicalDatatype>
<dataTypeSize>20 BYTE</dataTypeSize>
<ownDataTypeParameters>20 BYTE,,</ownDataTypeParameters>
</Attribute>
<Attribute name="fecha_inicio_proyecto" id="DF01968F-1DD5-0A34-B5DA-DF587AF0D72B">
<createdBy>joteiza</createdBy>
<createdTime>2024-08-24 00:51:00 UTC</createdTime>
<ownerDesignName>Innovatech Solutions</ownerDesignName>
<engineerTo>
<item key="80B6D29F-3362-8111-286B-1004B57E3D57" value="true"/>
</engineerTo>
<useDomainConstraints>false</useDomainConstraints>
<use>1</use>
<logicalDatatype>LOGDT007</logicalDatatype>
<ownDataTypeParameters>,,</ownDataTypeParameters>
</Attribute>
<Attribute name="fecha_fin_proyecto" id="D862E056-FECD-F05E-BB78-ABC198588C2C">
<createdBy>joteiza</createdBy>
<createdTime>2024-08-24 00:51:38 UTC</createdTime>
<ownerDesignName>Innovatech Solutions</ownerDesignName>
<engineerTo>
<item key="80B6D29F-3362-8111-286B-1004B57E3D57" value="true"/>
</engineerTo>
<useDomainConstraints>false</useDomainConstraints>
<use>1</use>
<logicalDatatype>LOGDT007</logicalDatatype>
<ownDataTypeParameters>,,</ownDataTypeParameters>
</Attribute>
<Attribute name="id_equipo" id="813C4EA2-8C5A-9ED0-E079-8AB30A1A227F">
<createdBy>joteiza</createdBy>
<createdTime>2024-08-24 01:11:44 UTC</createdTime>
<generatorID>658E72AE-F349-B3D5-503A-8718AC9F9FDA</generatorID>
<ownerDesignName>Innovatech Solutions</ownerDesignName>
<engineerTo>
<item key="80B6D29F-3362-8111-286B-1004B57E3D57" value="true"/>
</engineerTo>
<referedAttribute>A9EA4151-C260-CFC7-FF2A-5CA55396F6B9</referedAttribute>
<useDomainConstraints>false</useDomainConstraints>
<use>1</use>
<logicalDatatype>LOGDT011</logicalDatatype>
<ownDataTypeParameters>,,</ownDataTypeParameters>
</Attribute>
</attributes>
<identifiers itemClass="oracle.dbtools.crest.model.design.logical.CandidateKey">
<identifier id="E1D9704B-32AA-2C1B-928A-11CEB136FCE4" name="PROYECTO PK">
<createdBy>joteiza</createdBy>
<createdTime>2024-08-24 00:49:13 UTC</createdTime>
<ownerDesignName>Innovatech Solutions</ownerDesignName>
<engineerTo>
<item key="80B6D29F-3362-8111-286B-1004B57E3D57" value="true"/>
</engineerTo>
<pk>true</pk>
<usedAttributes>
<attributeRef>BCC2ABB2-81CC-E376-746E-633BDDEDF74F</attributeRef>
</usedAttributes>
</identifier>
</identifiers>
</Entity>