<?xml version = '1.0' encoding = 'UTF-8'?>
<Entity class="oracle.dbtools.crest.model.design.logical.Entity" directorySegmentName="seg_0" id="373013A1-CCB4-2FB0-8F31-A71DBD2D6832" name="MIEMBRO">
<createdBy>joteiza</createdBy>
<createdTime>2024-08-24 00:46:26 UTC</createdTime>
<ownerDesignName>Innovatech Solutions</ownerDesignName>
<engineerTo>
<item key="80B6D29F-3362-8111-286B-1004B57E3D57" value="true"/>
</engineerTo>
<adequatelyNormalized>NO</adequatelyNormalized>
<expectedVolumes>0</expectedVolumes>
<fwdEngineeringStrategyName>Single Table</fwdEngineeringStrategyName>
<growthPercent>0</growthPercent>
<growthType>Year</growthType>
<maxVolumes>9999999</maxVolumes>
<minVolumes>0</minVolumes>
<normalForm>Third</normalForm>
<attributes itemClass="oracle.dbtools.crest.model.design.logical.Attribute">
<Attribute name="id_miembro" id="373990AF-EFED-6424-7106-00A08A812DFD">
<createdBy>joteiza</createdBy>
<createdTime>2024-08-24 01:01:35 UTC</createdTime>
<ownerDesignName>Innovatech Solutions</ownerDesignName>
<engineerTo>
<item key="80B6D29F-3362-8111-286B-1004B57E3D57" value="true"/>
</engineerTo>
<useDomainConstraints>false</useDomainConstraints>
<use>1</use>
<logicalDatatype>LOGDT011</logicalDatatype>
<ownDataTypeParameters>,,</ownDataTypeParameters>
</Attribute>
<Attribute name="nombre_miembro" id="CB7EF837-A358-9059-B687-93E4AB25DDB3">
<createdBy>joteiza</createdBy>
<createdTime>2024-08-24 01:02:07 UTC</createdTime>
<ownerDesignName>Innovatech Solutions</ownerDesignName>
<engineerTo>
<item key="80B6D29F-3362-8111-286B-1004B57E3D57" value="true"/>
</engineerTo>
<useDomainConstraints>false</useDomainConstraints>
<use>1</use>
<logicalDatatype>LOGDT024</logicalDatatype>
<dataTypeSize>20 BYTE</dataTypeSize>
<ownDataTypeParameters>20 BYTE,,</ownDataTypeParameters>
</Attribute>
<Attribute name="rol_miembro" id="C4EA97CA-FF59-F97B-7465-A29E380F8EF5">
<createdBy>joteiza</createdBy>
<createdTime>2024-08-24 01:02:33 UTC</createdTime>
<ownerDesignName>Innovatech Solutions</ownerDesignName>
<engineerTo>
<item key="80B6D29F-3362-8111-286B-1004B57E3D57" value="true"/>
</engineerTo>
<useDomainConstraints>false</useDomainConstraints>
<use>1</use>
<logicalDatatype>LOGDT024</logicalDatatype>
<dataTypeSize>15 BYTE</dataTypeSize>
<ownDataTypeParameters>15 BYTE,,</ownDataTypeParameters>
</Attribute>
<Attribute name="id_equipo" id="FFE68EE5-C912-CA2E-CB5D-7F1814A2BF63">
<createdBy>joteiza</createdBy>
<createdTime>2024-08-24 01:15:10 UTC</createdTime>
<generatorID>02CC0600-6EF7-BE9C-09A2-B3F48D219E47</generatorID>
<ownerDesignName>Innovatech Solutions</ownerDesignName>
<engineerTo>
<item key="80B6D29F-3362-8111-286B-1004B57E3D57" value="true"/>
</engineerTo>
<referedAttribute>A9EA4151-C260-CFC7-FF2A-5CA55396F6B9</referedAttribute>
<useDomainConstraints>false</useDomainConstraints>
<use>1</use>
<logicalDatatype>LOGDT011</logicalDatatype>
<ownDataTypeParameters>,,</ownDataTypeParameters>
</Attribute>
</attributes>
<identifiers itemClass="oracle.dbtools.crest.model.design.logical.CandidateKey">
<identifier id="F6EF405A-E134-00B4-1B30-5EED173CE02D" name="MIEMBRO PK">
<createdBy>joteiza</createdBy>
<createdTime>2024-08-24 01:02:02 UTC</createdTime>
<ownerDesignName>Innovatech Solutions</ownerDesignName>
<engineerTo>
<item key="80B6D29F-3362-8111-286B-1004B57E3D57" value="true"/>
</engineerTo>
<pk>true</pk>
<usedAttributes>
<attributeRef>373990AF-EFED-6424-7106-00A08A812DFD</attributeRef>
</usedAttributes>
</identifier>
</identifiers>
</Entity>