<?xml version = '1.0' encoding = 'UTF-8'?>
<Entity class="oracle.dbtools.crest.model.design.logical.Entity" directorySegmentName="seg_0" id="7451BE7B-5A1B-5443-5265-42C59622F048" name="EQUIPO">
<createdBy>joteiza</createdBy>
<createdTime>2024-08-24 00:46:09 UTC</createdTime>
<ownerDesignName>Innovatech Solutions</ownerDesignName>
<engineerTo>
<item key="80B6D29F-3362-8111-286B-1004B57E3D57" value="true"/>
</engineerTo>
<adequatelyNormalized>NO</adequatelyNormalized>
<expectedVolumes>0</expectedVolumes>
<fwdEngineeringStrategyName>Single Table</fwdEngineeringStrategyName>
<growthPercent>0</growthPercent>
<growthType>Year</growthType>
<maxVolumes>9999999</maxVolumes>
<minVolumes>0</minVolumes>
<normalForm>Third</normalForm>
<attributes itemClass="oracle.dbtools.crest.model.design.logical.Attribute">
<Attribute name="id_equipo" id="A9EA4151-C260-CFC7-FF2A-5CA55396F6B9">
<createdBy>joteiza</createdBy>
<createdTime>2024-08-24 00:53:11 UTC</createdTime>
<ownerDesignName>Innovatech Solutions</ownerDesignName>
<engineerTo>
<item key="80B6D29F-3362-8111-286B-1004B57E3D57" value="true"/>
</engineerTo>
<useDomainConstraints>false</useDomainConstraints>
<use>1</use>
<logicalDatatype>LOGDT011</logicalDatatype>
<ownDataTypeParameters>,,</ownDataTypeParameters>
</Attribute>
<Attribute name="nombre_equipo" id="B77232DA-D6E2-EB48-81E8-DCD784A032CE">
<createdBy>joteiza</createdBy>
<createdTime>2024-08-24 00:55:26 UTC</createdTime>
<ownerDesignName>Innovatech Solutions</ownerDesignName>
<engineerTo>
<item key="80B6D29F-3362-8111-286B-1004B57E3D57" value="true"/>
</engineerTo>
<useDomainConstraints>false</useDomainConstraints>
<use>1</use>
<logicalDatatype>LOGDT024</logicalDatatype>
<dataTypeSize>30 BYTE</dataTypeSize>
<ownDataTypeParameters>30 BYTE,,</ownDataTypeParameters>
</Attribute>
<Attribute name="id_proyecto" id="19023CB5-FBA6-2655-65E6-CC76B9E29BBF">
<createdBy>joteiza</createdBy>
<createdTime>2024-08-24 01:11:40 UTC</createdTime>
<generatorID>658E72AE-F349-B3D5-503A-8718AC9F9FDA</generatorID>
<ownerDesignName>Innovatech Solutions</ownerDesignName>
<engineerTo>
<item key="80B6D29F-3362-8111-286B-1004B57E3D57" value="true"/>
</engineerTo>
<referedAttribute>BCC2ABB2-81CC-E376-746E-633BDDEDF74F</referedAttribute>
<useDomainConstraints>false</useDomainConstraints>
<use>1</use>
<logicalDatatype>LOGDT019</logicalDatatype>
<dataTypePrecision>5</dataTypePrecision>
<ownDataTypeParameters>,,</ownDataTypeParameters>
</Attribute>
</attributes>
<identifiers itemClass="oracle.dbtools.crest.model.design.logical.CandidateKey">
<identifier id="78B85C1C-5AF6-8980-5368-3A0AB60A2534" name="EQUIPO PK">
<createdBy>joteiza</createdBy>
<createdTime>2024-08-24 00:55:19 UTC</createdTime>
<ownerDesignName>Innovatech Solutions</ownerDesignName>
<engineerTo>
<item key="80B6D29F-3362-8111-286B-1004B57E3D57" value="true"/>
</engineerTo>
<pk>true</pk>
<usedAttributes>
<attributeRef>A9EA4151-C260-CFC7-FF2A-5CA55396F6B9</attributeRef>
</usedAttributes>
</identifier>
</identifiers>
</Entity>