<?xml version = '1.0' encoding = 'UTF-8'?>
<Entity class="oracle.dbtools.crest.model.design.logical.Entity" directorySegmentName="seg_0" id="889B7964-B653-66D5-7D0C-C12389C9B4C2" name="TAREA">
<createdBy>joteiza</createdBy>
<createdTime>2024-08-24 00:46:20 UTC</createdTime>
<ownerDesignName>Innovatech Solutions</ownerDesignName>
<engineerTo>
<item key="80B6D29F-3362-8111-286B-1004B57E3D57" value="true"/>
</engineerTo>
<adequatelyNormalized>NO</adequatelyNormalized>
<expectedVolumes>0</expectedVolumes>
<fwdEngineeringStrategyName>Single Table</fwdEngineeringStrategyName>
<growthPercent>0</growthPercent>
<growthType>Year</growthType>
<maxVolumes>9999999</maxVolumes>
<minVolumes>0</minVolumes>
<normalForm>Third</normalForm>
<attributes itemClass="oracle.dbtools.crest.model.design.logical.Attribute">
<Attribute name="id_tarea" id="9D6756B4-6C4C-A5B5-6687-9A78B3A771F0">
<createdBy>joteiza</createdBy>
<createdTime>2024-08-24 00:56:25 UTC</createdTime>
<ownerDesignName>Innovatech Solutions</ownerDesignName>
<engineerTo>
<item key="80B6D29F-3362-8111-286B-1004B57E3D57" value="true"/>
</engineerTo>
<useDomainConstraints>false</useDomainConstraints>
<use>1</use>
<logicalDatatype>LOGDT019</logicalDatatype>
<dataTypePrecision>5</dataTypePrecision>
<ownDataTypeParameters>,5,</ownDataTypeParameters>
</Attribute>
<Attribute name="nombre_tarea" id="46283F35-EAE3-C934-0FA7-4B1F8788937A">
<createdBy>joteiza</createdBy>
<createdTime>2024-08-24 00:57:37 UTC</createdTime>
<ownerDesignName>Innovatech Solutions</ownerDesignName>
<engineerTo>
<item key="80B6D29F-3362-8111-286B-1004B57E3D57" value="true"/>
</engineerTo>
<useDomainConstraints>false</useDomainConstraints>
<use>1</use>
<logicalDatatype>LOGDT024</logicalDatatype>
<dataTypeSize>20 BYTE</dataTypeSize>
<ownDataTypeParameters>20 BYTE,,</ownDataTypeParameters>
</Attribute>
<Attribute name="descripcion_tarea" id="C4D85F54-7ED7-6725-362D-E038D373ECE7">
<createdBy>joteiza</createdBy>
<createdTime>2024-08-24 00:59:27 UTC</createdTime>
<ownerDesignName>Innovatech Solutions</ownerDesignName>
<engineerTo>
<item key="80B6D29F-3362-8111-286B-1004B57E3D57" value="true"/>
</engineerTo>
<useDomainConstraints>false</useDomainConstraints>
<use>1</use>
<logicalDatatype>LOGDT024</logicalDatatype>
<dataTypeSize>50 BYTE</dataTypeSize>
<ownDataTypeParameters>50 BYTE,,</ownDataTypeParameters>
</Attribute>
<Attribute name="fecha_asignacion_tarea" id="2554DE6C-F586-1D21-14A9-BEB263E2A2A9">
<createdBy>joteiza</createdBy>
<createdTime>2024-08-24 01:00:14 UTC</createdTime>
<ownerDesignName>Innovatech Solutions</ownerDesignName>
<engineerTo>
<item key="80B6D29F-3362-8111-286B-1004B57E3D57" value="true"/>
</engineerTo>
<useDomainConstraints>false</useDomainConstraints>
<use>1</use>
<logicalDatatype>LOGDT007</logicalDatatype>
<ownDataTypeParameters>,,</ownDataTypeParameters>
</Attribute>
<Attribute name="fecha_fin_tarea" id="F0FAA23C-3827-4B50-D1D8-B43D0678F280">
<createdBy>joteiza</createdBy>
<createdTime>2024-08-24 01:00:33 UTC</createdTime>
<ownerDesignName>Innovatech Solutions</ownerDesignName>
<engineerTo>
<item key="80B6D29F-3362-8111-286B-1004B57E3D57" value="true"/>
</engineerTo>
<useDomainConstraints>false</useDomainConstraints>
<use>1</use>
<logicalDatatype>LOGDT007</logicalDatatype>
<ownDataTypeParameters>,,</ownDataTypeParameters>
</Attribute>
<Attribute name="id_proyecto" id="5DA1A147-64CB-7243-B27E-1F20534E2B7E">
<createdBy>joteiza</createdBy>
<createdTime>2024-08-24 01:13:48 UTC</createdTime>
<generatorID>30E31EB8-C34F-078F-D202-0C650DFD3CCB</generatorID>
<ownerDesignName>Innovatech Solutions</ownerDesignName>
<engineerTo>
<item key="80B6D29F-3362-8111-286B-1004B57E3D57" value="true"/>
</engineerTo>
<referedAttribute>BCC2ABB2-81CC-E376-746E-633BDDEDF74F</referedAttribute>
<useDomainConstraints>false</useDomainConstraints>
<use>1</use>
<logicalDatatype>LOGDT019</logicalDatatype>
<dataTypePrecision>5</dataTypePrecision>
<ownDataTypeParameters>,,</ownDataTypeParameters>
</Attribute>
<Attribute name="id_equipo" id="7964632B-85C3-A647-8333-2221B499FE46">
<createdBy>joteiza</createdBy>
<createdTime>2024-08-24 01:14:47 UTC</createdTime>
<generatorID>FC758094-108D-1467-C910-A3C24CC77EF5</generatorID>
<ownerDesignName>Innovatech Solutions</ownerDesignName>
<engineerTo>
<item key="80B6D29F-3362-8111-286B-1004B57E3D57" value="true"/>
</engineerTo>
<referedAttribute>A9EA4151-C260-CFC7-FF2A-5CA55396F6B9</referedAttribute>
<useDomainConstraints>false</useDomainConstraints>
<use>1</use>
<logicalDatatype>LOGDT011</logicalDatatype>
<ownDataTypeParameters>,,</ownDataTypeParameters>
</Attribute>
</attributes>
<identifiers itemClass="oracle.dbtools.crest.model.design.logical.CandidateKey">
<identifier id="68428503-9F47-565D-7813-CB2D98785064" name="TAREA PK">
<createdBy>joteiza</createdBy>
<createdTime>2024-08-24 00:56:41 UTC</createdTime>
<ownerDesignName>Innovatech Solutions</ownerDesignName>
<engineerTo>
<item key="80B6D29F-3362-8111-286B-1004B57E3D57" value="true"/>
</engineerTo>
<pk>true</pk>
<usedAttributes>
<attributeRef>9D6756B4-6C4C-A5B5-6687-9A78B3A771F0</attributeRef>
</usedAttributes>
</identifier>
</identifiers>
</Entity>